"param","estimate"
"m",63.8706127336581
"p",0.0147706720773295
"q",0.347433655622002
